date,division,unemployment
2017-01-01,DOMINGO,33
2017-01-02,LUNES,37
2017-01-03,MARTES,75
2017-01-04,MIERCOLES,50
2017-01-05,JUEVES,63
2017-01-06,VIERNES,61
2017-01-07,SABADO,54
2017-01-08,DOMINGO,28
2017-01-09,LUNES,41
2017-01-10,MARTES,72
2017-01-11,MIERCOLES,74
2017-01-12,JUEVES,83
2017-01-13,VIERNES,85
2017-01-14,SABADO,56
2017-01-15,DOMINGO,43
2017-01-16,LUNES,86
2017-01-17,MARTES,96
2017-01-18,MIERCOLES,83
2017-01-19,JUEVES,67
2017-01-20,VIERNES,76
2017-01-21,SABADO,91
2017-01-22,DOMINGO,50
2017-01-23,LUNES,85
2017-01-24,MARTES,80
2017-01-25,MIERCOLES,90
2017-01-26,JUEVES,74
2017-01-27,VIERNES,104
2017-01-28,SABADO,85
2017-01-29,DOMINGO,55
2017-01-30,LUNES,89
2017-01-31,MARTES,90
2017-02-01,MIERCOLES,97
2017-02-02,JUEVES,65
2017-02-03,VIERNES,126
2017-02-04,SABADO,94
2017-02-05,DOMINGO,54
2017-02-06,LUNES,107
2017-02-07,MARTES,116
2017-02-08,MIERCOLES,111
2017-02-09,JUEVES,92
2017-02-10,VIERNES,109
2017-02-11,SABADO,111
2017-02-12,DOMINGO,74
2017-02-13,LUNES,113
2017-02-14,MARTES,78
2017-02-15,MIERCOLES,91
2017-02-16,JUEVES,95
2017-02-17,VIERNES,118
2017-02-18,SABADO,96
2017-02-19,DOMINGO,74
2017-02-20,LUNES,114
2017-02-21,MARTES,97
2017-02-22,MIERCOLES,106
2017-02-23,JUEVES,105
2017-02-24,VIERNES,101
2017-02-25,SABADO,102
2017-02-26,DOMINGO,65
2017-02-27,LUNES,96
2017-02-28,MARTES,99
2017-03-01,MIERCOLES,91
2017-03-02,JUEVES,91
2017-03-03,VIERNES,107
2017-03-04,SABADO,110
2017-03-05,DOMINGO,48
2017-03-06,LUNES,81
2017-03-07,MARTES,114
2017-03-08,MIERCOLES,98
2017-03-09,JUEVES,95
2017-03-10,VIERNES,101
2017-03-11,SABADO,97
2017-03-12,DOMINGO,60
2017-03-13,LUNES,109
2017-03-14,MARTES,103
2017-03-15,MIERCOLES,79
2017-03-16,JUEVES,114
2017-03-17,VIERNES,129
2017-03-18,SABADO,76
2017-03-19,DOMINGO,50
2017-03-20,LUNES,49
2017-03-21,MARTES,121
2017-03-22,MIERCOLES,97
2017-03-23,JUEVES,105
2017-03-24,VIERNES,105
2017-03-25,SABADO,115
2017-03-26,DOMINGO,63
2017-03-27,LUNES,102
2017-03-28,MARTES,120
2017-03-29,MIERCOLES,102
2017-03-30,JUEVES,100
2017-03-31,VIERNES,122
2017-04-01,SABADO,99
2017-04-02,DOMINGO,78
2017-04-03,LUNES,109
2017-04-04,MARTES,74
2017-04-05,MIERCOLES,97
2017-04-06,JUEVES,90
2017-04-07,VIERNES,106
2017-04-08,SABADO,113
2017-04-09,DOMINGO,60
2017-04-10,LUNES,63
2017-04-11,MARTES,58
2017-04-12,MIERCOLES,80
2017-04-13,JUEVES,44
2017-04-14,VIERNES,36
2017-04-15,SABADO,44
2017-04-16,DOMINGO,41
2017-04-17,LUNES,67
2017-04-18,MARTES,103
2017-04-19,MIERCOLES,93
2017-04-20,JUEVES,86
2017-04-21,VIERNES,117
2017-04-22,SABADO,99
2017-04-23,DOMINGO,60
2017-04-24,LUNES,99
2017-04-25,MARTES,110
2017-04-26,MIERCOLES,107
2017-04-27,JUEVES,97
2017-04-28,VIERNES,85
2017-04-29,SABADO,114
2017-04-30,DOMINGO,58
2017-05-01,LUNES,58
2017-05-02,MARTES,104
2017-05-03,MIERCOLES,112
2017-05-04,JUEVES,106
2017-05-05,VIERNES,107
2017-05-06,SABADO,103
2017-05-07,DOMINGO,66
2017-05-08,LUNES,101
2017-05-09,MARTES,126
2017-05-10,MIERCOLES,98
2017-05-11,JUEVES,104
2017-05-12,VIERNES,116
2017-05-13,SABADO,113
2017-05-14,DOMINGO,65
2017-05-15,LUNES,105
2017-05-16,MARTES,101
2017-05-17,MIERCOLES,105
2017-05-18,JUEVES,121
2017-05-19,VIERNES,126
2017-05-20,SABADO,122
2017-05-21,DOMINGO,57
2017-05-22,LUNES,118
2017-05-23,MARTES,89
2017-05-24,MIERCOLES,94
2017-05-25,JUEVES,103
2017-05-26,VIERNES,95
2017-05-27,SABADO,105
2017-05-28,DOMINGO,73
2017-05-29,LUNES,46
2017-05-30,MARTES,83
2017-05-31,MIERCOLES,115
2017-06-01,JUEVES,91
2017-06-02,VIERNES,113
2017-06-03,SABADO,95
2017-06-04,DOMINGO,58
2017-06-05,LUNES,107
2017-06-06,MARTES,82
2017-06-07,MIERCOLES,114
2017-06-08,JUEVES,78
2017-06-09,VIERNES,99
2017-06-10,SABADO,97
2017-06-11,DOMINGO,65
2017-06-12,LUNES,94
2017-06-13,MARTES,98
2017-06-14,MIERCOLES,76
2017-06-15,JUEVES,95
2017-06-16,VIERNES,100
2017-06-17,SABADO,95
2017-06-18,DOMINGO,48
2017-06-19,LUNES,47
2017-06-20,MARTES,82
2017-06-21,MIERCOLES,102
2017-06-22,JUEVES,88
2017-06-23,VIERNES,83
2017-06-24,SABADO,82
2017-06-25,DOMINGO,56
2017-06-26,LUNES,42
2017-06-27,MARTES,78
2017-06-28,MIERCOLES,83
2017-06-29,JUEVES,79
2017-06-30,VIERNES,94
2017-07-01,SABADO,87
2017-07-02,DOMINGO,47
2017-07-03,LUNES,39
2017-07-04,MARTES,100
2017-07-05,MIERCOLES,82
2017-07-06,JUEVES,104
2017-07-07,VIERNES,94
2017-07-08,SABADO,77
2017-07-09,DOMINGO,54
2017-07-10,LUNES,80
2017-07-11,MARTES,93
2017-07-12,MIERCOLES,106
2017-07-13,JUEVES,82
2017-07-14,VIERNES,98
2017-07-15,SABADO,96
2017-07-16,DOMINGO,61
2017-07-17,LUNES,91
2017-07-18,MARTES,87
2017-07-19,MIERCOLES,94
2017-07-20,JUEVES,63
2017-07-21,VIERNES,109
2017-07-22,SABADO,86
2017-07-23,DOMINGO,65
2017-07-24,LUNES,101
2017-07-25,MARTES,109
2017-07-26,MIERCOLES,90
2017-07-27,JUEVES,87
2017-07-28,VIERNES,106
2017-07-29,SABADO,96
2017-07-30,DOMINGO,57
2017-07-31,LUNES,106
2017-08-01,MARTES,87
2017-08-02,MIERCOLES,90
2017-08-03,JUEVES,93
2017-08-04,VIERNES,119
2017-08-05,SABADO,97
2017-08-06,DOMINGO,60
2017-08-07,LUNES,41
2017-08-08,MARTES,114
2017-08-09,MIERCOLES,84
2017-08-10,JUEVES,95
2017-08-11,VIERNES,108
2017-08-12,SABADO,99
2017-08-13,DOMINGO,62
2017-08-14,LUNES,94
2017-08-15,MARTES,122
2017-08-16,MIERCOLES,89
2017-08-17,JUEVES,94
2017-08-18,VIERNES,108
2017-08-19,SABADO,102
2017-08-20,DOMINGO,54
2017-08-21,LUNES,41
2017-08-22,MARTES,109
2017-08-23,MIERCOLES,92
2017-08-24,JUEVES,97
2017-08-25,VIERNES,98
2017-08-26,SABADO,85
2017-08-27,DOMINGO,58
2017-08-28,LUNES,95
2017-08-29,MARTES,128
2017-08-30,MIERCOLES,88
2017-08-31,JUEVES,116
2017-09-01,VIERNES,121
2017-09-02,SABADO,95
2017-09-03,DOMINGO,84
2017-09-04,LUNES,87
2017-09-05,MARTES,87
2017-09-06,MIERCOLES,80
2017-09-07,JUEVES,58
2017-09-08,VIERNES,118
2017-09-09,SABADO,89
2017-09-10,DOMINGO,60
2017-09-11,LUNES,90
2017-09-12,MARTES,92
2017-09-13,MIERCOLES,103
2017-09-14,JUEVES,111
2017-09-15,VIERNES,100
2017-09-16,SABADO,89
2017-09-17,DOMINGO,66
2017-09-18,LUNES,94
2017-09-19,MARTES,93
2017-09-20,MIERCOLES,89
2017-09-21,JUEVES,97
2017-09-22,VIERNES,86
2017-09-23,SABADO,86
2017-09-24,DOMINGO,49
2017-09-25,LUNES,74
2017-09-26,MARTES,100
2017-09-27,MIERCOLES,107
2017-09-28,JUEVES,111
2017-09-29,VIERNES,106
2017-09-30,SABADO,105
2017-10-01,DOMINGO,68
2017-10-02,LUNES,104
2017-10-03,MARTES,107
2017-10-04,MIERCOLES,69
2017-10-05,JUEVES,84
2017-10-06,VIERNES,99
2017-10-07,SABADO,80
2017-10-08,DOMINGO,62
2017-10-09,LUNES,107
2017-10-10,MARTES,92
2017-10-11,MIERCOLES,76
2017-10-12,JUEVES,97
2017-10-13,VIERNES,76
2017-10-14,SABADO,78
2017-10-15,DOMINGO,56
2017-10-16,LUNES,47
2017-10-17,MARTES,90
2017-10-18,MIERCOLES,101
2017-10-19,JUEVES,87
2017-10-20,VIERNES,113
2017-10-21,SABADO,88
2017-10-22,DOMINGO,60
2017-10-23,LUNES,95
2017-10-24,MARTES,98
2017-10-25,MIERCOLES,110
2017-10-26,JUEVES,94
2017-10-27,VIERNES,143
2017-10-28,SABADO,122
2017-10-29,DOMINGO,81
2017-10-30,LUNES,101
2017-10-31,MARTES,99
2017-11-01,MIERCOLES,94
2017-11-02,JUEVES,109
2017-11-03,VIERNES,105
2017-11-04,SABADO,109
2017-11-05,DOMINGO,52
2017-11-06,LUNES,66
2017-11-07,MARTES,127
2017-11-08,MIERCOLES,80
2017-11-09,JUEVES,79
2017-11-10,VIERNES,95
2017-11-11,SABADO,104
2017-11-12,DOMINGO,56
2017-11-13,LUNES,44
2017-11-14,MARTES,105
2017-11-15,MIERCOLES,97
2017-11-16,JUEVES,99
2017-11-17,VIERNES,88
2017-11-18,SABADO,92
2017-11-19,DOMINGO,70
2017-11-20,LUNES,97
2017-11-21,MARTES,113
2017-11-22,MIERCOLES,117
2017-11-23,JUEVES,103
2017-11-24,VIERNES,116
2017-11-25,SABADO,94
2017-11-26,DOMINGO,75
2017-11-27,LUNES,107
2017-11-28,MARTES,119
2017-11-29,MIERCOLES,98
2017-11-30,JUEVES,112
2017-12-01,VIERNES,101
2017-12-02,SABADO,100
2017-12-03,DOMINGO,61
2017-12-04,LUNES,82
2017-12-05,MARTES,110
2017-12-06,MIERCOLES,128
2017-12-07,JUEVES,130
2017-12-08,VIERNES,68
2017-12-09,SABADO,78
2017-12-10,DOMINGO,71
2017-12-11,LUNES,96
2017-12-12,MARTES,108
2017-12-13,MIERCOLES,87
2017-12-14,JUEVES,105
2017-12-15,VIERNES,82
2017-12-16,SABADO,102
2017-12-17,DOMINGO,84
2017-12-18,LUNES,116
2017-12-19,MARTES,108
2017-12-20,MIERCOLES,103
2017-12-21,JUEVES,110
2017-12-22,VIERNES,94
2017-12-23,SABADO,93
2017-12-24,DOMINGO,65
2017-12-25,LUNES,41
2017-12-26,MARTES,99
2017-12-27,MIERCOLES,80
2017-12-28,JUEVES,79
2017-12-29,VIERNES,76
2017-12-30,SABADO,51
2017-12-31,DOMINGO,47
2018-01-01,LUNES,42
2018-01-02,MARTES,39
2018-01-03,MIERCOLES,54
2018-01-04,JUEVES,65
2018-01-05,VIERNES,47
2018-01-06,SABADO,35
2018-01-07,DOMINGO,35
2018-01-08,LUNES,32
2018-01-09,MARTES,79
2018-01-10,MIERCOLES,76
2018-01-11,JUEVES,62
2018-01-12,VIERNES,79
2018-01-13,SABADO,71
2018-01-14,DOMINGO,62
2018-01-15,LUNES,78
2018-01-16,MARTES,76
2018-01-17,MIERCOLES,81
2018-01-18,JUEVES,79
2018-01-19,VIERNES,94
2018-01-20,SABADO,90
2018-01-21,DOMINGO,60
2018-01-22,LUNES,79
2018-01-23,MARTES,95
2018-01-24,MIERCOLES,107
2018-01-25,JUEVES,93
2018-01-26,VIERNES,89
2018-01-27,SABADO,95
2018-01-28,DOMINGO,59
2018-01-29,LUNES,106
2018-01-30,MARTES,100
2018-01-31,MIERCOLES,101
2018-02-01,JUEVES,57
2018-02-02,VIERNES,95
2018-02-03,SABADO,106
2018-02-04,DOMINGO,60
2018-02-05,LUNES,99
2018-02-06,MARTES,99
2018-02-07,MIERCOLES,88
2018-02-08,JUEVES,86
2018-02-09,VIERNES,101
2018-02-10,SABADO,104
2018-02-11,DOMINGO,73
2018-02-12,LUNES,83
2018-02-13,MARTES,95
2018-02-14,MIERCOLES,121
2018-02-15,JUEVES,85
2018-02-16,VIERNES,119
2018-02-17,SABADO,98
2018-02-18,DOMINGO,75
2018-02-19,LUNES,91
2018-02-20,MARTES,109
2018-02-21,MIERCOLES,111
2018-02-22,JUEVES,98
2018-02-23,VIERNES,105
2018-02-24,SABADO,106
2018-02-25,DOMINGO,62
2018-02-26,LUNES,102
2018-02-27,MARTES,115
2018-02-28,MIERCOLES,105
2018-03-01,JUEVES,110
2018-03-02,VIERNES,115
2018-03-03,SABADO,115
2018-03-04,DOMINGO,75
2018-03-05,LUNES,97
2018-03-06,MARTES,104
2018-03-07,MIERCOLES,105
2018-03-08,JUEVES,134
2018-03-09,VIERNES,137
2018-03-10,SABADO,104
2018-03-11,DOMINGO,66
2018-03-12,LUNES,114
2018-03-13,MARTES,124
2018-03-14,MIERCOLES,101
2018-03-15,JUEVES,129
2018-03-16,VIERNES,124
2018-03-17,SABADO,121
2018-03-18,DOMINGO,67
2018-03-19,LUNES,49
2018-03-20,MARTES,130
2018-03-21,MIERCOLES,102
2018-03-22,JUEVES,100
2018-03-23,VIERNES,124
2018-03-24,SABADO,93
2018-03-25,DOMINGO,63
2018-03-26,LUNES,108
2018-03-27,MARTES,85
2018-03-28,MIERCOLES,79
2018-03-29,JUEVES,55
2018-03-30,VIERNES,28
2018-03-31,SABADO,64
2018-04-01,DOMINGO,64
2018-04-02,LUNES,109
2018-04-03,MARTES,98
2018-04-04,MIERCOLES,109
2018-04-05,JUEVES,85
2018-04-06,VIERNES,112
2018-04-07,SABADO,86
2018-04-08,DOMINGO,63
2018-04-09,LUNES,120
2018-04-10,MARTES,113
2018-04-11,MIERCOLES,95
2018-04-12,JUEVES,96
2018-04-13,VIERNES,117
2018-04-14,SABADO,95
2018-04-15,DOMINGO,70
2018-04-16,LUNES,97
2018-04-17,MARTES,110
2018-04-18,MIERCOLES,95
2018-04-19,JUEVES,96
2018-04-20,VIERNES,115
2018-04-21,SABADO,104
2018-04-22,DOMINGO,57
2018-04-23,LUNES,87
2018-04-24,MARTES,131
2018-04-25,MIERCOLES,99
2018-04-26,JUEVES,100
2018-04-27,VIERNES,101
2018-04-28,SABADO,108
2018-04-29,DOMINGO,55
2018-04-30,LUNES,113
2018-05-01,MARTES,70
2018-05-02,MIERCOLES,132
2018-05-03,JUEVES,120
2018-05-04,VIERNES,104
2018-05-05,SABADO,107
2018-05-06,DOMINGO,79
2018-05-07,LUNES,97
2018-05-08,MARTES,113
2018-05-09,MIERCOLES,105
2018-05-10,JUEVES,100
2018-05-11,VIERNES,141
2018-05-12,SABADO,105
2018-05-13,DOMINGO,48
2018-05-14,LUNES,46
2018-05-15,MARTES,130
2018-05-16,MIERCOLES,105
2018-05-17,JUEVES,102
2018-05-18,VIERNES,100
2018-05-19,SABADO,84
2018-05-20,DOMINGO,71
2018-05-21,LUNES,108
2018-05-22,MARTES,104
2018-05-23,MIERCOLES,101
2018-05-24,JUEVES,95
2018-05-25,VIERNES,113
2018-05-26,SABADO,104
2018-05-27,DOMINGO,72
2018-05-28,LUNES,97
2018-05-29,MARTES,97
2018-05-30,MIERCOLES,83
2018-05-31,JUEVES,104
2018-06-01,VIERNES,126
2018-06-02,SABADO,110
2018-06-03,DOMINGO,74
2018-06-04,LUNES,61
2018-06-05,MARTES,131
2018-06-06,MIERCOLES,100
2018-06-07,JUEVES,116
2018-06-08,VIERNES,141
2018-06-09,SABADO,84
2018-06-10,DOMINGO,47
2018-06-11,LUNES,53
2018-06-12,MARTES,100
2018-06-13,MIERCOLES,113
2018-06-14,JUEVES,108
2018-06-15,VIERNES,116
2018-06-16,SABADO,93
2018-06-17,DOMINGO,65
2018-06-18,LUNES,81
2018-06-19,MARTES,86
2018-06-20,MIERCOLES,102
2018-06-21,JUEVES,94
2018-06-22,VIERNES,117
2018-06-23,SABADO,111
2018-06-24,DOMINGO,78
2018-06-25,LUNES,95
2018-06-26,MARTES,106
2018-06-27,MIERCOLES,104
2018-06-28,JUEVES,119
2018-06-29,VIERNES,89
2018-06-30,SABADO,80
2018-07-01,DOMINGO,54
2018-07-02,LUNES,45
2018-07-03,MARTES,81
2018-07-04,MIERCOLES,104
2018-07-05,JUEVES,123
2018-07-06,VIERNES,86
2018-07-07,SABADO,106
2018-07-08,DOMINGO,61
2018-07-09,LUNES,98
2018-07-10,MARTES,92
2018-07-11,MIERCOLES,95
2018-07-12,JUEVES,69
2018-07-13,VIERNES,98
2018-07-14,SABADO,87
2018-07-15,DOMINGO,47
2018-07-16,LUNES,97
2018-07-17,MARTES,134
2018-07-18,MIERCOLES,87
2018-07-19,JUEVES,90
2018-07-20,VIERNES,74
2018-07-21,SABADO,93
2018-07-22,DOMINGO,55
2018-07-23,LUNES,91
2018-07-24,MARTES,97
2018-07-25,MIERCOLES,107
2018-07-26,JUEVES,88
2018-07-27,VIERNES,106
2018-07-28,SABADO,100
2018-07-29,DOMINGO,73
2018-07-30,LUNES,95
2018-07-31,MARTES,104
2018-08-01,MIERCOLES,97
2018-08-02,JUEVES,78
2018-08-03,VIERNES,92
2018-08-04,SABADO,101
2018-08-05,DOMINGO,65
2018-08-06,LUNES,98
2018-08-07,MARTES,54
2018-08-08,MIERCOLES,87
2018-08-09,JUEVES,92
2018-08-10,VIERNES,114
2018-08-11,SABADO,109
2018-08-12,DOMINGO,53
2018-08-13,LUNES,127
2018-08-14,MARTES,96
2018-08-15,MIERCOLES,103
2018-08-16,JUEVES,102
2018-08-17,VIERNES,117
2018-08-18,SABADO,85
2018-08-19,DOMINGO,64
2018-08-20,LUNES,53
2018-08-21,MARTES,112
2018-08-22,MIERCOLES,80
2018-08-23,JUEVES,100
2018-08-24,VIERNES,104
2018-08-25,SABADO,90
2018-08-26,DOMINGO,72
2018-08-27,LUNES,91
2018-08-28,MARTES,100
2018-08-29,MIERCOLES,120
2018-08-30,JUEVES,105
2018-08-31,VIERNES,103
2018-09-01,SABADO,82
2018-09-02,DOMINGO,63
2018-09-03,LUNES,94
2018-09-04,MARTES,96
2018-09-05,MIERCOLES,90
2018-09-06,JUEVES,94
2018-09-07,VIERNES,95
2018-09-08,SABADO,98
2018-09-09,DOMINGO,54
2018-09-10,LUNES,94
2018-09-11,MARTES,83
2018-09-12,MIERCOLES,86
2018-09-13,JUEVES,80
2018-09-14,VIERNES,97
2018-09-15,SABADO,111
2018-09-16,DOMINGO,57
2018-09-17,LUNES,101
2018-09-18,MARTES,98
2018-09-19,MIERCOLES,84
2018-09-20,JUEVES,98
2018-09-21,VIERNES,120
2018-09-22,SABADO,87
2018-09-23,DOMINGO,62
2018-09-24,LUNES,75
2018-09-25,MARTES,100
2018-09-26,MIERCOLES,82
2018-09-27,JUEVES,78
2018-09-28,VIERNES,111
2018-09-29,SABADO,89
2018-09-30,DOMINGO,47
2018-10-01,LUNES,106
2018-10-02,MARTES,103
2018-10-03,MIERCOLES,89
2018-10-04,JUEVES,91
2018-10-05,VIERNES,102
2018-10-06,SABADO,94
2018-10-07,DOMINGO,51
2018-10-08,LUNES,89
2018-10-09,MARTES,109
2018-10-10,MIERCOLES,92
2018-10-11,JUEVES,83
2018-10-12,VIERNES,91
2018-10-13,SABADO,79
2018-10-14,DOMINGO,48
2018-10-15,LUNES,50
2018-10-16,MARTES,101
2018-10-17,MIERCOLES,115
2018-10-18,JUEVES,89
2018-10-19,VIERNES,107
2018-10-20,SABADO,113
2018-10-21,DOMINGO,65
2018-10-22,LUNES,86
2018-10-23,MARTES,87
2018-10-24,MIERCOLES,101
2018-10-25,JUEVES,90
2018-10-26,VIERNES,96
2018-10-27,SABADO,110
2018-10-28,DOMINGO,53
2018-10-29,LUNES,97
2018-10-30,MARTES,98
2018-10-31,MIERCOLES,111
2018-11-01,JUEVES,93
2018-11-02,VIERNES,88
2018-11-03,SABADO,107
2018-11-04,DOMINGO,61
2018-11-05,LUNES,48
2018-11-06,MARTES,110
2018-11-07,MIERCOLES,110
2018-11-08,JUEVES,121
2018-11-09,VIERNES,105
2018-11-10,SABADO,113
2018-11-11,DOMINGO,61
2018-11-12,LUNES,50
2018-11-13,MARTES,105
2018-11-14,MIERCOLES,101
2018-11-15,JUEVES,93
2018-11-16,VIERNES,93
2018-11-17,SABADO,122
2018-11-18,DOMINGO,59
2018-11-19,LUNES,98
2018-11-20,MARTES,105
2018-11-21,MIERCOLES,107
2018-11-22,JUEVES,86
2018-11-23,VIERNES,99
2018-11-24,SABADO,88
2018-11-25,DOMINGO,76
2018-11-26,LUNES,93
2018-11-27,MARTES,98
2018-11-28,MIERCOLES,79
2018-11-29,JUEVES,134
2018-11-30,VIERNES,92
2018-12-01,SABADO,133
2018-12-02,DOMINGO,83
2018-12-03,LUNES,107
2018-12-04,MARTES,108
2018-12-05,MIERCOLES,102
2018-12-06,JUEVES,106
2018-12-07,VIERNES,122
2018-12-08,SABADO,77
2018-12-09,DOMINGO,67
2018-12-10,LUNES,110
2018-12-11,MARTES,99
2018-12-12,MIERCOLES,87
2018-12-13,JUEVES,98
2018-12-14,VIERNES,101
2018-12-15,SABADO,114
2018-12-16,DOMINGO,82
2018-12-17,LUNES,108
2018-12-18,MARTES,109
2018-12-19,MIERCOLES,99
2018-12-20,JUEVES,111
2018-12-21,VIERNES,103
2018-12-22,SABADO,97
2018-12-23,DOMINGO,69
2018-12-24,LUNES,89
2018-12-25,MARTES,55
2018-12-26,MIERCOLES,97
2018-12-27,JUEVES,88
2018-12-28,VIERNES,72
2018-12-29,SABADO,61
2018-12-30,DOMINGO,43
2018-12-31,LUNES,46
2019-01-01,MARTES,32
2019-01-02,MIERCOLES,56
2019-01-03,JUEVES,58
2019-01-04,VIERNES,75
2019-01-05,SABADO,76
2019-01-06,DOMINGO,38
2019-01-07,LUNES,30
2019-01-08,MARTES,58
2019-01-09,MIERCOLES,59
2019-01-10,JUEVES,63
2019-01-11,VIERNES,76
2019-01-12,SABADO,76
2019-01-13,DOMINGO,46
2019-01-14,LUNES,60
2019-01-15,MARTES,95
2019-01-16,MIERCOLES,70
2019-01-17,JUEVES,82
2019-01-18,VIERNES,87
2019-01-19,SABADO,92
2019-01-20,DOMINGO,59
2019-01-21,LUNES,99
2019-01-22,MARTES,80
2019-01-23,MIERCOLES,77
2019-01-24,JUEVES,81
2019-01-25,VIERNES,95
2019-01-26,SABADO,102
2019-01-27,DOMINGO,57
2019-01-28,LUNES,108
2019-01-29,MARTES,85
2019-01-30,MIERCOLES,95
2019-01-31,JUEVES,93
2019-02-01,VIERNES,92
2019-02-02,SABADO,101
2019-02-03,DOMINGO,81
2019-02-04,LUNES,99
2019-02-05,MARTES,89
2019-02-06,MIERCOLES,86
2019-02-07,JUEVES,45
2019-02-08,VIERNES,107
2019-02-09,SABADO,90
2019-02-10,DOMINGO,63
2019-02-11,LUNES,100
2019-02-12,MARTES,111
2019-02-13,MIERCOLES,118
2019-02-14,JUEVES,109
2019-02-15,VIERNES,109
2019-02-16,SABADO,72
2019-02-17,DOMINGO,36
2019-02-18,LUNES,85
2019-02-19,MARTES,77
2019-02-20,MIERCOLES,88
2019-02-21,JUEVES,90
2019-02-22,VIERNES,103
2019-02-23,SABADO,115
2019-02-24,DOMINGO,59
2019-02-25,LUNES,85
2019-02-26,MARTES,95
2019-02-27,MIERCOLES,100
2019-02-28,JUEVES,87
2019-03-01,VIERNES,120
2019-03-02,SABADO,99
2019-03-03,DOMINGO,73
2019-03-04,LUNES,102
2019-03-05,MARTES,112
2019-03-06,MIERCOLES,111
2019-03-07,JUEVES,101
2019-03-08,VIERNES,91
2019-03-09,SABADO,89
2019-03-10,DOMINGO,51
2019-03-11,LUNES,92
2019-03-12,MARTES,101
2019-03-13,MIERCOLES,92
2019-03-14,JUEVES,87
2019-03-15,VIERNES,118
2019-03-16,SABADO,93
2019-03-17,DOMINGO,58
2019-03-18,LUNES,103
2019-03-19,MARTES,114
2019-03-20,MIERCOLES,92
2019-03-21,JUEVES,120
2019-03-22,VIERNES,122
2019-03-23,SABADO,83
2019-03-24,DOMINGO,46
2019-03-25,LUNES,52
2019-03-26,MARTES,114
2019-03-27,MIERCOLES,98
2019-03-28,JUEVES,91
2019-03-29,VIERNES,96
2019-03-30,SABADO,97
2019-03-31,DOMINGO,52
2019-04-01,LUNES,96
2019-04-02,MARTES,92
2019-04-03,MIERCOLES,95
2019-04-04,JUEVES,97
2019-04-05,VIERNES,118
2019-04-06,SABADO,89
2019-04-07,DOMINGO,67
2019-04-08,LUNES,92
2019-04-09,MARTES,113
2019-04-10,MIERCOLES,113
2019-04-11,JUEVES,128
2019-04-12,VIERNES,107
2019-04-13,SABADO,96
2019-04-14,DOMINGO,65
2019-04-15,LUNES,81
2019-04-16,MARTES,83
2019-04-17,MIERCOLES,77
2019-04-18,JUEVES,42
2019-04-19,VIERNES,24
2019-04-20,SABADO,37
2019-04-21,DOMINGO,34
2019-04-22,LUNES,92
2019-04-23,MARTES,77
2019-04-24,MIERCOLES,103
2019-04-25,JUEVES,89
2019-04-26,VIERNES,106
2019-04-27,SABADO,100
2019-04-28,DOMINGO,71
2019-04-29,LUNES,96
2019-04-30,MARTES,103
2019-05-01,MIERCOLES,62
2019-05-02,JUEVES,103
2019-05-03,VIERNES,93
2019-05-04,SABADO,91
2019-05-05,DOMINGO,62
2019-05-06,LUNES,98
2019-05-07,MARTES,123
2019-05-08,MIERCOLES,107
2019-05-09,JUEVES,106
2019-05-10,VIERNES,96
2019-05-11,SABADO,106
2019-05-12,DOMINGO,75
2019-05-13,LUNES,112
2019-05-14,MARTES,97
2019-05-15,MIERCOLES,91
2019-05-16,JUEVES,111
2019-05-17,VIERNES,111
2019-05-18,SABADO,81
2019-05-19,DOMINGO,50
2019-05-20,LUNES,87
2019-05-21,MARTES,89
2019-05-22,MIERCOLES,85
2019-05-23,JUEVES,96
2019-05-24,VIERNES,119
2019-05-25,SABADO,94
2019-05-26,DOMINGO,58
2019-05-27,LUNES,94
2019-05-28,MARTES,107
2019-05-29,MIERCOLES,99
2019-05-30,JUEVES,105
2019-05-31,VIERNES,119
2019-06-01,SABADO,101
2019-06-02,DOMINGO,62
2019-06-03,LUNES,59
2019-06-04,MARTES,99
2019-06-05,MIERCOLES,94
2019-06-06,JUEVES,99
2019-06-07,VIERNES,86
2019-06-08,SABADO,111
2019-06-09,DOMINGO,54
2019-06-10,LUNES,83
2019-06-11,MARTES,101
2019-06-12,MIERCOLES,69
2019-06-13,JUEVES,88
2019-06-14,VIERNES,103
2019-06-15,SABADO,82
2019-06-16,DOMINGO,67
2019-06-17,LUNES,100
2019-06-18,MARTES,98
2019-06-19,MIERCOLES,89
2019-06-20,JUEVES,99
2019-06-21,VIERNES,102
2019-06-22,SABADO,96
2019-06-23,DOMINGO,40
2019-06-24,LUNES,51
2019-06-25,MARTES,95
2019-06-26,MIERCOLES,116
2019-06-27,JUEVES,92
2019-06-28,VIERNES,77
2019-06-29,SABADO,81
2019-06-30,DOMINGO,40
2019-07-01,LUNES,38
2019-07-02,MARTES,98
2019-07-03,MIERCOLES,84
2019-07-04,JUEVES,78
2019-07-05,VIERNES,84
2019-07-06,SABADO,101
2019-07-07,DOMINGO,64
2019-07-08,LUNES,93
2019-07-09,MARTES,117
2019-07-10,MIERCOLES,82
2019-07-11,JUEVES,87
2019-07-12,VIERNES,88
2019-07-13,SABADO,102
2019-07-14,DOMINGO,61
2019-07-15,LUNES,105
2019-07-16,MARTES,85
2019-07-17,MIERCOLES,89
2019-07-18,JUEVES,99
2019-07-19,VIERNES,132
2019-07-20,SABADO,67
2019-07-21,DOMINGO,57
2019-07-22,LUNES,112
2019-07-23,MARTES,93
2019-07-24,MIERCOLES,84
2019-07-25,JUEVES,102
2019-07-26,VIERNES,108
2019-07-27,SABADO,109
2019-07-28,DOMINGO,63
2019-07-29,LUNES,102
2019-07-30,MARTES,79
2019-07-31,MIERCOLES,87
2019-08-01,JUEVES,98
2019-08-02,VIERNES,108
2019-08-03,SABADO,99
2019-08-04,DOMINGO,72
2019-08-05,LUNES,83
2019-08-06,MARTES,96
2019-08-07,MIERCOLES,77
2019-08-08,JUEVES,118
2019-08-09,VIERNES,99
2019-08-10,SABADO,93
2019-08-11,DOMINGO,61
2019-08-12,LUNES,96
2019-08-13,MARTES,103
2019-08-14,MIERCOLES,95
2019-08-15,JUEVES,98
2019-08-16,VIERNES,111
2019-08-17,SABADO,103
2019-08-18,DOMINGO,55
2019-08-19,LUNES,51
2019-08-20,MARTES,112
2019-08-21,MIERCOLES,115
2019-08-22,JUEVES,97
2019-08-23,VIERNES,89
2019-08-24,SABADO,86
2019-08-25,DOMINGO,51
2019-08-26,LUNES,98
2019-08-27,MARTES,104
2019-08-28,MIERCOLES,92
2019-08-29,JUEVES,104
2019-08-30,VIERNES,111
2019-08-31,SABADO,90
2019-09-01,DOMINGO,62
2019-09-02,LUNES,84
2019-09-03,MARTES,127
2019-09-04,MIERCOLES,119
2019-09-05,JUEVES,115
2019-09-06,VIERNES,107
2019-09-07,SABADO,110
2019-09-08,DOMINGO,74
2019-09-09,LUNES,107
2019-09-10,MARTES,110
2019-09-11,MIERCOLES,97
2019-09-12,JUEVES,92
2019-09-13,VIERNES,101
2019-09-14,SABADO,116
2019-09-15,DOMINGO,67
2019-09-16,LUNES,84
2019-09-17,MARTES,105
2019-09-18,MIERCOLES,90
2019-09-19,JUEVES,104
2019-09-20,VIERNES,104
2019-09-21,SABADO,97
2019-09-22,DOMINGO,76
2019-09-23,LUNES,63
2019-09-24,MARTES,121
2019-09-25,MIERCOLES,91
2019-09-26,JUEVES,106
2019-09-27,VIERNES,101
2019-09-28,SABADO,116
2019-09-29,DOMINGO,56
2019-09-30,LUNES,96
2019-10-01,MARTES,111
2019-10-02,MIERCOLES,101
2019-10-03,JUEVES,90
2019-10-04,VIERNES,111
2019-10-05,SABADO,92
2019-10-06,DOMINGO,77
2019-10-07,LUNES,88
2019-10-08,MARTES,95
2019-10-09,MIERCOLES,88
2019-10-10,JUEVES,93
2019-10-11,VIERNES,130
2019-10-12,SABADO,86
2019-10-13,DOMINGO,67
2019-10-14,LUNES,47
2019-10-15,MARTES,99
2019-10-16,MIERCOLES,90
2019-10-17,JUEVES,69
2019-10-18,VIERNES,100
2019-10-19,SABADO,102
2019-10-20,DOMINGO,63
2019-10-21,LUNES,106
2019-10-22,MARTES,88
2019-10-23,MIERCOLES,97
2019-10-24,JUEVES,100
2019-10-25,VIERNES,116
2019-10-26,SABADO,111
2019-10-27,DOMINGO,67
2019-10-28,LUNES,93
2019-10-29,MARTES,110
2019-10-30,MIERCOLES,80
2019-10-31,JUEVES,102
2019-11-01,VIERNES,106
2019-11-02,SABADO,88
2019-11-03,DOMINGO,66
2019-11-04,LUNES,64
2019-11-05,MARTES,104
2019-11-06,MIERCOLES,103
2019-11-07,JUEVES,92
2019-11-08,VIERNES,101
2019-11-09,SABADO,88
2019-11-10,DOMINGO,57
2019-11-11,LUNES,55
2019-11-12,MARTES,98
2019-11-13,MIERCOLES,109
2019-11-14,JUEVES,97
2019-11-15,VIERNES,100
2019-11-16,SABADO,99
2019-11-17,DOMINGO,57
2019-11-18,LUNES,103
2019-11-19,MARTES,112
2019-11-20,MIERCOLES,120
2019-11-21,JUEVES,55
2019-11-22,VIERNES,65
2019-11-23,SABADO,70
2019-11-24,DOMINGO,56
2019-11-25,LUNES,117
2019-11-26,MARTES,73
2019-11-27,MIERCOLES,70
2019-11-28,JUEVES,93
2019-11-29,VIERNES,112
2019-11-30,SABADO,135
2019-12-01,DOMINGO,73
2019-12-02,LUNES,75
2019-12-03,MARTES,131
2019-12-04,MIERCOLES,89
2019-12-05,JUEVES,89
2019-12-06,VIERNES,152
2019-12-07,SABADO,115
2019-12-08,DOMINGO,65
2019-12-09,LUNES,127
2019-12-10,MARTES,113
2019-12-11,MIERCOLES,111
2019-12-12,JUEVES,101
2019-12-13,VIERNES,121
2019-12-14,SABADO,97
2019-12-15,DOMINGO,74
2019-12-16,LUNES,106
2019-12-17,MARTES,103
2019-12-18,MIERCOLES,104
2019-12-19,JUEVES,109
2019-12-20,VIERNES,120
2019-12-21,SABADO,109
2019-12-22,DOMINGO,74
2019-12-23,LUNES,107
2019-12-24,MARTES,82
2019-12-25,MIERCOLES,48
2019-12-26,JUEVES,97
2019-12-27,VIERNES,81
2019-12-28,SABADO,59
2019-12-29,DOMINGO,48
2019-12-30,LUNES,76
2019-12-31,MARTES,59
2020-01-01,MIERCOLES,29
2020-01-02,JUEVES,45
2020-01-03,VIERNES,55
2020-01-04,SABADO,43
2020-01-05,DOMINGO,24
2020-01-06,LUNES,30
2020-01-07,MARTES,80
2020-01-08,MIERCOLES,69
2020-01-09,JUEVES,74
2020-01-10,VIERNES,83
2020-01-11,SABADO,68
2020-01-12,DOMINGO,54
2020-01-13,LUNES,90
2020-01-14,MARTES,86
2020-01-15,MIERCOLES,98
2020-01-16,JUEVES,80
2020-01-17,VIERNES,77
2020-01-18,SABADO,86
2020-01-19,DOMINGO,62
2020-01-20,LUNES,72
2020-01-21,MARTES,74
2020-01-22,MIERCOLES,92
2020-01-23,JUEVES,90
2020-01-24,VIERNES,88
2020-01-25,SABADO,86
2020-01-26,DOMINGO,63
2020-01-27,LUNES,83
2020-01-28,MARTES,84
2020-01-29,MIERCOLES,98
2020-01-30,JUEVES,85
2020-01-31,VIERNES,99
2020-02-01,SABADO,134
2020-02-02,DOMINGO,54
2020-02-03,LUNES,92
2020-02-04,MARTES,114
2020-02-05,MIERCOLES,95
2020-02-06,JUEVES,62
2020-02-07,VIERNES,122
2020-02-08,SABADO,90
2020-02-09,DOMINGO,77
2020-02-10,LUNES,89
2020-02-11,MARTES,125
2020-02-12,MIERCOLES,91
2020-02-13,JUEVES,84
2020-02-14,VIERNES,85
2020-02-15,SABADO,96
2020-02-16,DOMINGO,81
2020-02-17,LUNES,78
2020-02-18,MARTES,95
2020-02-19,MIERCOLES,91
2020-02-20,JUEVES,94
2020-02-21,VIERNES,100
2020-02-22,SABADO,97
2020-02-23,DOMINGO,69
2020-02-24,LUNES,81
2020-02-25,MARTES,94
2020-02-26,MIERCOLES,109
2020-02-27,JUEVES,110
2020-02-28,VIERNES,133
2020-02-29,SABADO,124
2020-03-01,DOMINGO,78
2020-03-02,LUNES,103
2020-03-03,MARTES,119
2020-03-04,MIERCOLES,115
2020-03-05,JUEVES,114
2020-03-06,VIERNES,129
2020-03-07,SABADO,72
2020-03-08,DOMINGO,68
2020-03-09,LUNES,100
2020-03-10,MARTES,87
2020-03-11,MIERCOLES,78
2020-03-12,JUEVES,87
2020-03-13,VIERNES,110
2020-03-14,SABADO,88
2020-03-15,DOMINGO,59
2020-03-16,LUNES,69
2020-03-17,MARTES,61
2020-03-18,MIERCOLES,77
2020-03-19,JUEVES,65
2020-03-20,VIERNES,14
2020-03-21,SABADO,3
2020-03-22,DOMINGO,8
2020-03-23,LUNES,4
2020-03-24,MARTES,34
2020-03-25,MIERCOLES,7
2020-03-26,JUEVES,17
2020-03-27,VIERNES,14
2020-03-28,SABADO,12
2020-03-29,DOMINGO,11
2020-03-30,LUNES,17
2020-03-31,MARTES,15
2020-04-01,MIERCOLES,22
2020-04-02,JUEVES,25
2020-04-03,VIERNES,20
2020-04-04,SABADO,16
2020-04-05,DOMINGO,17
2020-04-06,LUNES,26
2020-04-07,MARTES,30
2020-04-08,MIERCOLES,15
2020-04-09,JUEVES,9
2020-04-10,VIERNES,5
2020-04-11,SABADO,8
2020-04-12,DOMINGO,7
2020-04-13,LUNES,16
2020-04-14,MARTES,27
2020-04-15,MIERCOLES,29
2020-04-16,JUEVES,32
2020-04-17,VIERNES,26
2020-04-18,SABADO,23
2020-04-19,DOMINGO,21
2020-04-20,LUNES,21
2020-04-21,MARTES,23
2020-04-22,MIERCOLES,20
2020-04-23,JUEVES,28
2020-04-24,VIERNES,32
2020-04-25,SABADO,26
2020-04-26,DOMINGO,16
2020-04-27,LUNES,46
2020-04-28,MARTES,28
2020-04-29,MIERCOLES,24
2020-04-30,JUEVES,29
2020-05-01,VIERNES,14
2020-05-02,SABADO,32
2020-05-03,DOMINGO,16
2020-05-04,LUNES,37
2020-05-05,MARTES,23
2020-05-06,MIERCOLES,31
2020-05-07,JUEVES,43
2020-05-08,VIERNES,36
2020-05-09,SABADO,31
2020-05-10,DOMINGO,18
2020-05-11,LUNES,45
2020-05-12,MARTES,34
2020-05-13,MIERCOLES,47
2020-05-14,JUEVES,31
2020-05-15,VIERNES,40
2020-05-16,SABADO,39
2020-05-17,DOMINGO,32
2020-05-18,LUNES,41
2020-05-19,MARTES,35
2020-05-20,MIERCOLES,52
2020-05-21,JUEVES,37
2020-05-22,VIERNES,57
2020-05-23,SABADO,37
2020-05-24,DOMINGO,18
2020-05-25,LUNES,24
2020-05-26,MARTES,49
2020-05-27,MIERCOLES,44
2020-05-28,JUEVES,44
2020-05-29,VIERNES,51
2020-05-30,SABADO,43
2020-05-31,DOMINGO,38
2020-06-01,LUNES,44
2020-06-02,MARTES,54
2020-06-03,MIERCOLES,48
2020-06-04,JUEVES,56
2020-06-05,VIERNES,44
2020-06-06,SABADO,69
2020-06-07,DOMINGO,29
2020-06-08,LUNES,46
2020-06-09,MARTES,52
2020-06-10,MIERCOLES,57
2020-06-11,JUEVES,46
2020-06-12,VIERNES,58
2020-06-13,SABADO,53
2020-06-14,DOMINGO,26
2020-06-15,LUNES,29
2020-06-16,MARTES,69
2020-06-17,MIERCOLES,49
2020-06-18,JUEVES,46
2020-06-19,VIERNES,62
2020-06-20,SABADO,51
2020-06-21,DOMINGO,37
2020-06-22,LUNES,37
2020-06-23,MARTES,63
2020-06-24,MIERCOLES,59
2020-06-25,JUEVES,59
2020-06-26,VIERNES,56
2020-06-27,SABADO,55
2020-06-28,DOMINGO,34
2020-06-29,LUNES,38
2020-06-30,MARTES,56
2020-07-01,MIERCOLES,50
2020-07-02,JUEVES,60
2020-07-03,VIERNES,73
2020-07-04,SABADO,62
2020-07-05,DOMINGO,35
2020-07-06,LUNES,62
2020-07-07,MARTES,75
2020-07-08,MIERCOLES,56
2020-07-09,JUEVES,63
2020-07-10,VIERNES,59
2020-07-11,SABADO,59
2020-07-12,DOMINGO,34
2020-07-13,LUNES,46
2020-07-14,MARTES,41
2020-07-15,MIERCOLES,48
2020-07-16,JUEVES,46
2020-07-17,VIERNES,64
2020-07-18,SABADO,62
2020-07-19,DOMINGO,28
2020-07-20,LUNES,29
2020-07-21,MARTES,46
2020-07-22,MIERCOLES,62
2020-07-23,JUEVES,38
2020-07-24,VIERNES,38
2020-07-25,SABADO,46
2020-07-26,DOMINGO,23
2020-07-27,LUNES,67
2020-07-28,MARTES,52
2020-07-29,MIERCOLES,58
2020-07-30,JUEVES,57
2020-07-31,VIERNES,63
2020-08-01,SABADO,43
2020-08-02,DOMINGO,34
2020-08-03,LUNES,43
2020-08-04,MARTES,49
2020-08-05,MIERCOLES,55
2020-08-06,JUEVES,42
2020-08-07,VIERNES,36
2020-08-08,SABADO,50
2020-08-09,DOMINGO,39
2020-08-10,LUNES,61
2020-08-11,MARTES,57
2020-08-12,MIERCOLES,46
2020-08-13,JUEVES,50
2020-08-14,VIERNES,65
2020-08-15,SABADO,50
2020-08-16,DOMINGO,30
2020-08-17,LUNES,26
2020-08-18,MARTES,53
2020-08-19,MIERCOLES,68
2020-08-20,JUEVES,49
2020-08-21,VIERNES,65
2020-08-22,SABADO,66
2020-08-23,DOMINGO,30
2020-08-24,LUNES,62
2020-08-25,MARTES,57
2020-08-26,MIERCOLES,66
2020-08-27,JUEVES,66
2020-08-28,VIERNES,75
2020-08-29,SABADO,73
2020-08-30,DOMINGO,34
2020-08-31,LUNES,62
2020-09-01,MARTES,60
2020-09-02,MIERCOLES,68
2020-09-03,JUEVES,68
2020-09-04,VIERNES,107
2020-09-05,SABADO,68
2020-09-06,DOMINGO,34
2020-09-07,LUNES,55
2020-09-08,MARTES,78
2020-09-09,MIERCOLES,54
2020-09-10,JUEVES,61
2020-09-11,VIERNES,53
2020-09-12,SABADO,78
2020-09-13,DOMINGO,44
2020-09-14,LUNES,67
2020-09-15,MARTES,74
2020-09-16,MIERCOLES,84
2020-09-17,JUEVES,73
2020-09-18,VIERNES,98
2020-09-19,SABADO,81
2020-09-20,DOMINGO,62
2020-09-21,LUNES,65
2020-09-22,MARTES,77
2020-09-23,MIERCOLES,57
2020-09-24,JUEVES,61
2020-09-25,VIERNES,65
2020-09-26,SABADO,75
2020-09-27,DOMINGO,47
2020-09-28,LUNES,60
2020-09-29,MARTES,57
2020-09-30,MIERCOLES,72
2020-10-01,JUEVES,74
2020-10-02,VIERNES,81
2020-10-03,SABADO,92
2020-10-04,DOMINGO,68
2020-10-05,LUNES,80
2020-10-06,MARTES,67
2020-10-07,MIERCOLES,67
2020-10-08,JUEVES,76
2020-10-09,VIERNES,78
2020-10-10,SABADO,79
2020-10-11,DOMINGO,54
2020-10-12,LUNES,26
2020-10-13,MARTES,60
2020-10-14,MIERCOLES,67
2020-10-15,JUEVES,74
2020-10-16,VIERNES,84
2020-10-17,SABADO,63
2020-10-18,DOMINGO,60
2020-10-19,LUNES,70
2020-10-20,MARTES,76
2020-10-21,MIERCOLES,59
2020-10-22,JUEVES,78
2020-10-23,VIERNES,83
2020-10-24,SABADO,87
2020-10-25,DOMINGO,57
2020-10-26,LUNES,60
2020-10-27,MARTES,71
2020-10-28,MIERCOLES,78
2020-10-29,JUEVES,86
2020-10-30,VIERNES,99
2020-10-31,SABADO,97
2020-11-01,DOMINGO,57
2020-11-02,LUNES,42
2020-11-03,MARTES,98
2020-11-04,MIERCOLES,73
2020-11-05,JUEVES,63
2020-11-06,VIERNES,65
2020-11-07,SABADO,93
2020-11-08,DOMINGO,58
2020-11-09,LUNES,77
2020-11-10,MARTES,77
2020-11-11,MIERCOLES,83
2020-11-12,JUEVES,67
2020-11-13,VIERNES,88
2020-11-14,SABADO,86
2020-11-15,DOMINGO,51
2020-11-16,LUNES,43
2020-11-17,MARTES,73
2020-11-18,MIERCOLES,74
2020-11-19,JUEVES,85
2020-11-20,VIERNES,90
2020-11-21,SABADO,89
2020-11-22,DOMINGO,65
2020-11-23,LUNES,71
2020-11-24,MARTES,83
2020-11-25,MIERCOLES,75
2020-11-26,JUEVES,90
2020-11-27,VIERNES,107
2020-11-28,SABADO,111
2020-11-29,DOMINGO,74
2020-11-30,LUNES,82
2020-12-01,MARTES,79
2020-12-02,MIERCOLES,70
2020-12-03,JUEVES,60
2020-12-04,VIERNES,106
2020-12-05,SABADO,99
2020-12-06,DOMINGO,77
2020-12-07,LUNES,106
2020-12-08,MARTES,51
2020-12-09,MIERCOLES,63
2020-12-10,JUEVES,71
2020-12-11,VIERNES,102
2020-12-12,SABADO,89
2020-12-13,DOMINGO,68
2020-12-14,LUNES,67
2020-12-15,MARTES,87
2020-12-16,MIERCOLES,80
2020-12-17,JUEVES,73
2020-12-18,VIERNES,105
2020-12-19,SABADO,106
2020-12-20,DOMINGO,72
2020-12-21,LUNES,83
2020-12-22,MARTES,83
2020-12-23,MIERCOLES,90
2020-12-24,JUEVES,95
2020-12-25,VIERNES,34
2020-12-26,SABADO,54
2020-12-27,DOMINGO,35
2020-12-28,LUNES,65
2020-12-29,MARTES,72
2020-12-30,MIERCOLES,59
2020-12-31,JUEVES,51
2021-01-01,VIERNES,22
2021-01-02,SABADO,32
2021-01-03,DOMINGO,30
2021-01-04,LUNES,62
2021-01-05,MARTES,37
2021-01-06,MIERCOLES,47
2021-01-07,JUEVES,52
2021-01-08,VIERNES,28
2021-01-09,SABADO,33
2021-01-10,DOMINGO,19
2021-01-11,LUNES,18
2021-01-12,MARTES,64
2021-01-13,MIERCOLES,55
2021-01-14,JUEVES,52
2021-01-15,VIERNES,51
2021-01-16,SABADO,38
2021-01-17,DOMINGO,17
2021-01-18,LUNES,50
2021-01-19,MARTES,55
2021-01-20,MIERCOLES,57
2021-01-21,JUEVES,57
2021-01-22,VIERNES,90
2021-01-23,SABADO,31
2021-01-24,DOMINGO,20
2021-01-25,LUNES,78
2021-01-26,MARTES,59
2021-01-27,MIERCOLES,63
2021-01-28,JUEVES,64
2021-01-29,VIERNES,84
2021-01-30,SABADO,91
2021-01-31,DOMINGO,47
2021-02-01,LUNES,61
2021-02-02,MARTES,66
2021-02-03,MIERCOLES,59
2021-02-04,JUEVES,78
2021-02-05,VIERNES,77
2021-02-06,SABADO,96
2021-02-07,DOMINGO,57
2021-02-08,LUNES,68
2021-02-09,MARTES,73
2021-02-10,MIERCOLES,72
2021-02-11,JUEVES,76
2021-02-12,VIERNES,77
2021-02-13,SABADO,86
2021-02-14,DOMINGO,60
2021-02-15,LUNES,67
2021-02-16,MARTES,71
2021-02-17,MIERCOLES,69
2021-02-18,JUEVES,59
2021-02-19,VIERNES,80
2021-02-20,SABADO,71
2021-02-21,DOMINGO,51
2021-02-22,LUNES,83
2021-02-23,MARTES,76
2021-02-24,MIERCOLES,87
2021-02-25,JUEVES,81
2021-02-26,VIERNES,83
2021-02-27,SABADO,90
2021-02-28,DOMINGO,53
2021-03-01,LUNES,103
2021-03-02,MARTES,88
2021-03-03,MIERCOLES,68
2021-03-04,JUEVES,94
2021-03-05,VIERNES,99
2021-03-06,SABADO,92
2021-03-07,DOMINGO,58
2021-03-08,LUNES,65
2021-03-09,MARTES,93
2021-03-10,MIERCOLES,83
2021-03-11,JUEVES,93
2021-03-12,VIERNES,96
2021-03-13,SABADO,108
2021-03-14,DOMINGO,64
2021-03-15,LUNES,88
2021-03-16,MARTES,78
2021-03-17,MIERCOLES,84
2021-03-18,JUEVES,74
2021-03-19,VIERNES,110
2021-03-20,SABADO,104
2021-03-21,DOMINGO,58
2021-03-22,LUNES,53
2021-03-23,MARTES,84
2021-03-24,MIERCOLES,72
2021-03-25,JUEVES,90
2021-03-26,VIERNES,105
2021-03-27,SABADO,73
2021-03-28,DOMINGO,58
2021-03-29,LUNES,87
2021-03-30,MARTES,96
2021-03-31,MIERCOLES,82
2021-04-01,JUEVES,46
2021-04-02,VIERNES,23
2021-04-03,SABADO,45
2021-04-04,DOMINGO,40
2021-04-05,LUNES,77
2021-04-06,MARTES,72
2021-04-07,MIERCOLES,82
2021-04-08,JUEVES,88
2021-04-09,VIERNES,110
2021-04-10,SABADO,32
2021-04-11,DOMINGO,17
2021-04-12,LUNES,24
2021-04-13,MARTES,101
2021-04-14,MIERCOLES,99
2021-04-15,JUEVES,89
2021-04-16,VIERNES,48
2021-04-17,SABADO,51
2021-04-18,DOMINGO,43
2021-04-19,LUNES,103
2021-04-20,MARTES,90
2021-04-21,MIERCOLES,87
2021-04-22,JUEVES,94
2021-04-23,VIERNES,45
2021-04-24,SABADO,47
2021-04-25,DOMINGO,36
2021-04-26,LUNES,82
2021-04-27,MARTES,73
2021-04-28,MIERCOLES,55
2021-04-29,JUEVES,78
2021-04-30,VIERNES,67
2021-05-01,SABADO,41
2021-05-02,DOMINGO,34
2021-05-03,LUNES,65
2021-05-04,MARTES,51
2021-05-05,MIERCOLES,32
2021-05-06,JUEVES,63
2021-05-07,VIERNES,71
2021-05-08,SABADO,72
2021-05-09,DOMINGO,61
2021-05-10,LUNES,85
2021-05-11,MARTES,75
2021-05-12,MIERCOLES,43
2021-05-13,JUEVES,70
2021-05-14,VIERNES,102
2021-05-15,SABADO,66
2021-05-16,DOMINGO,46
2021-05-17,LUNES,56
2021-05-18,MARTES,79
2021-05-19,MIERCOLES,66
2021-05-20,JUEVES,78
2021-05-21,VIERNES,78
2021-05-22,SABADO,70
2021-05-23,DOMINGO,33
2021-05-24,LUNES,76
2021-05-25,MARTES,75
2021-05-26,MIERCOLES,65
2021-05-27,JUEVES,85
2021-05-28,VIERNES,60
2021-05-29,SABADO,89
2021-05-30,DOMINGO,71
2021-05-31,LUNES,74
2021-06-01,MARTES,65
2021-06-02,MIERCOLES,78
2021-06-03,JUEVES,73
2021-06-04,VIERNES,82
2021-06-05,SABADO,90
2021-06-06,DOMINGO,64
2021-06-07,LUNES,51
2021-06-08,MARTES,111
2021-06-09,MIERCOLES,69
2021-06-10,JUEVES,91
2021-06-11,VIERNES,99
2021-06-12,SABADO,91
2021-06-13,DOMINGO,71
2021-06-14,LUNES,54
2021-06-15,MARTES,104
2021-06-16,MIERCOLES,91
2021-06-17,JUEVES,78
2021-06-18,VIERNES,83
2021-06-19,SABADO,102
2021-06-20,DOMINGO,59
2021-06-21,LUNES,65
2021-06-22,MARTES,74
2021-06-23,MIERCOLES,72
2021-06-24,JUEVES,84
2021-06-25,VIERNES,90
2021-06-26,SABADO,86
2021-06-27,DOMINGO,44
2021-06-28,LUNES,74
2021-06-29,MARTES,66
2021-06-30,MIERCOLES,84
2021-07-01,JUEVES,90
2021-07-02,VIERNES,77
2021-07-03,SABADO,98
2021-07-04,DOMINGO,55
2021-07-05,LUNES,55
2021-07-06,MARTES,79
2021-07-07,MIERCOLES,87
2021-07-08,JUEVES,80
2021-07-09,VIERNES,76
2021-07-10,SABADO,75
2021-07-11,DOMINGO,55
2021-07-12,LUNES,71
2021-07-13,MARTES,88
2021-07-14,MIERCOLES,76
2021-07-15,JUEVES,77
2021-07-16,VIERNES,101
2021-07-17,SABADO,98
2021-07-18,DOMINGO,63
2021-07-19,LUNES,87
2021-07-20,MARTES,41
2021-07-21,MIERCOLES,87
2021-07-22,JUEVES,77
2021-07-23,VIERNES,70
2021-07-24,SABADO,79
2021-07-25,DOMINGO,58
2021-07-26,LUNES,75
2021-07-27,MARTES,64
2021-07-28,MIERCOLES,83
2021-07-29,JUEVES,86
2021-07-30,VIERNES,103
2021-07-31,SABADO,115
2021-08-01,DOMINGO,57
2021-08-02,LUNES,77
2021-08-03,MARTES,96
2021-08-04,MIERCOLES,85
2021-08-05,JUEVES,58
2021-08-06,VIERNES,99
2021-08-07,SABADO,71
2021-08-08,DOMINGO,64
2021-08-09,LUNES,77
2021-08-10,MARTES,77
2021-08-11,MIERCOLES,78
2021-08-12,JUEVES,87
2021-08-13,VIERNES,92
2021-08-14,SABADO,86
2021-08-15,DOMINGO,70
2021-08-16,LUNES,45
2021-08-17,MARTES,92
2021-08-18,MIERCOLES,75
2021-08-19,JUEVES,68
2021-08-20,VIERNES,102
2021-08-21,SABADO,91
2021-08-22,DOMINGO,59
2021-08-23,LUNES,91
2021-08-24,MARTES,79
2021-08-25,MIERCOLES,92
2021-08-26,JUEVES,68
2021-08-27,VIERNES,106
2021-08-28,SABADO,111
2021-08-29,DOMINGO,51
2021-08-30,LUNES,99
2021-08-31,MARTES,111
2021-09-01,MIERCOLES,95
2021-09-02,JUEVES,96
2021-09-03,VIERNES,124
2021-09-04,SABADO,98
2021-09-05,DOMINGO,57
2021-09-06,LUNES,104
2021-09-07,MARTES,80
2021-09-08,MIERCOLES,106
2021-09-09,JUEVES,90
2021-09-10,VIERNES,110
2021-09-11,SABADO,92
2021-09-12,DOMINGO,61
2021-09-13,LUNES,82
2021-09-14,MARTES,98
2021-09-15,MIERCOLES,113
2021-09-16,JUEVES,67
2021-09-17,VIERNES,117
2021-09-18,SABADO,121
2021-09-19,DOMINGO,66
2021-09-20,LUNES,82
2021-09-21,MARTES,91
2021-09-22,MIERCOLES,93
2021-09-23,JUEVES,96
2021-09-24,VIERNES,113
2021-09-25,SABADO,88
2021-09-26,DOMINGO,56
2021-09-27,LUNES,87
2021-09-28,MARTES,92
2021-09-29,MIERCOLES,77
2021-09-30,JUEVES,100
2021-10-01,VIERNES,119
2021-10-02,SABADO,136
2021-10-03,DOMINGO,72
2021-10-04,LUNES,97
2021-10-05,MARTES,112
2021-10-06,MIERCOLES,110
2021-10-07,JUEVES,102
2021-10-08,VIERNES,108
2021-10-09,SABADO,123
2021-10-10,DOMINGO,71
2021-10-11,LUNES,82
2021-10-12,MARTES,112
2021-10-13,MIERCOLES,93
2021-10-14,JUEVES,90
2021-10-15,VIERNES,106
2021-10-16,SABADO,95
2021-10-17,DOMINGO,67
2021-10-18,LUNES,33
2021-10-19,MARTES,84
2021-10-20,MIERCOLES,95
2021-10-21,JUEVES,110
2021-10-22,VIERNES,84
2021-10-23,SABADO,94
2021-10-24,DOMINGO,63
2021-10-25,LUNES,91
2021-10-26,MARTES,125
2021-10-27,MIERCOLES,97
2021-10-28,JUEVES,109
2021-10-29,VIERNES,120
2021-10-30,SABADO,119
2021-10-31,DOMINGO,75
2021-11-01,LUNES,64
2021-11-02,MARTES,104
2021-11-03,MIERCOLES,121
2021-11-04,JUEVES,108
2021-11-05,VIERNES,102
2021-11-06,SABADO,121
2021-11-07,DOMINGO,64
2021-11-08,LUNES,70
2021-11-09,MARTES,106
2021-11-10,MIERCOLES,82
2021-11-11,JUEVES,116
2021-11-12,VIERNES,111
2021-11-13,SABADO,111
2021-11-14,DOMINGO,71
2021-11-15,LUNES,49
2021-11-16,MARTES,103
2021-11-17,MIERCOLES,134
2021-11-18,JUEVES,106
2021-11-19,VIERNES,121
2021-11-20,SABADO,98
2021-11-21,DOMINGO,70
2021-11-22,LUNES,83
2021-11-23,MARTES,125
2021-11-24,MIERCOLES,108
2021-11-25,JUEVES,90
2021-11-26,VIERNES,111
2021-11-27,SABADO,104
2021-11-28,DOMINGO,76
2021-11-29,LUNES,83
2021-11-30,MARTES,103
2021-12-01,MIERCOLES,93
2021-12-02,JUEVES,93
2021-12-03,VIERNES,104
2021-12-04,SABADO,112
2021-12-05,DOMINGO,70
2021-12-06,LUNES,97
2021-12-07,MARTES,152
2021-12-08,MIERCOLES,60
2021-12-09,JUEVES,102
2021-12-10,VIERNES,108
2021-12-11,SABADO,69
2021-12-12,DOMINGO,67
2021-12-13,LUNES,99
2021-12-14,MARTES,101
2021-12-15,MIERCOLES,102
2021-12-16,JUEVES,99
2021-12-17,VIERNES,139
2021-12-18,SABADO,114
2021-12-19,DOMINGO,85
2021-12-20,LUNES,89
2021-12-21,MARTES,109
2021-12-22,MIERCOLES,105
2021-12-23,JUEVES,120
2021-12-24,VIERNES,71
2021-12-25,SABADO,50
2021-12-26,DOMINGO,50
2021-12-27,LUNES,87
2021-12-28,MARTES,75
2021-12-29,MIERCOLES,62
2021-12-30,JUEVES,80
2021-12-31,VIERNES,39
2022-01-01,SABADO,36
2022-01-02,DOMINGO,23
2022-01-03,LUNES,50
2022-01-04,MARTES,75
2022-01-05,MIERCOLES,41
2022-01-06,JUEVES,44
2022-01-07,VIERNES,58
2022-01-08,SABADO,52
2022-01-09,DOMINGO,37
2022-01-10,LUNES,38
2022-01-11,MARTES,63
2022-01-12,MIERCOLES,70
2022-01-13,JUEVES,86
2022-01-14,VIERNES,60
2022-01-15,SABADO,65
2022-01-16,DOMINGO,54
2022-01-17,LUNES,74
2022-01-18,MARTES,66
2022-01-19,MIERCOLES,93
2022-01-20,JUEVES,78
2022-01-21,VIERNES,80
2022-01-22,SABADO,103
2022-01-23,DOMINGO,67
2022-01-24,LUNES,59
2022-01-25,MARTES,70
2022-01-26,MIERCOLES,86
2022-01-27,JUEVES,90
2022-01-28,VIERNES,80
2022-01-29,SABADO,88
2022-01-30,DOMINGO,51
2022-01-31,LUNES,99
2022-02-01,MARTES,89
2022-02-02,MIERCOLES,84
2022-02-03,JUEVES,95
2022-02-04,VIERNES,74
2022-02-05,SABADO,109
2022-02-06,DOMINGO,68
2022-02-07,LUNES,79
2022-02-08,MARTES,83
2022-02-09,MIERCOLES,76
2022-02-10,JUEVES,78
2022-02-11,VIERNES,98
2022-02-12,SABADO,92
2022-02-13,DOMINGO,65
2022-02-14,LUNES,73
2022-02-15,MARTES,80
2022-02-16,MIERCOLES,81
2022-02-17,JUEVES,84
2022-02-18,VIERNES,90
2022-02-19,SABADO,103
2022-02-20,DOMINGO,52
2022-02-21,LUNES,80
2022-02-22,MARTES,100
2022-02-23,MIERCOLES,88
2022-02-24,JUEVES,74
2022-02-25,VIERNES,110
2022-02-26,SABADO,92
2022-02-27,DOMINGO,60
2022-02-28,LUNES,105
2022-03-01,MARTES,121
2022-03-02,MIERCOLES,87
2022-03-03,JUEVES,79
2022-03-04,VIERNES,102
2022-03-05,SABADO,96
2022-03-06,DOMINGO,52
2022-03-07,LUNES,79
2022-03-08,MARTES,102
2022-03-09,MIERCOLES,80
2022-03-10,JUEVES,96
2022-03-11,VIERNES,107
2022-03-12,SABADO,78
2022-03-13,DOMINGO,88
2022-03-14,LUNES,86
2022-03-15,MARTES,92
2022-03-16,MIERCOLES,99
2022-03-17,JUEVES,109
2022-03-18,VIERNES,118
2022-03-19,SABADO,116
2022-03-20,DOMINGO,55
2022-03-21,LUNES,56
2022-03-22,MARTES,75
2022-03-23,MIERCOLES,88
2022-03-24,JUEVES,92
2022-03-25,VIERNES,99
2022-03-26,SABADO,104
2022-03-27,DOMINGO,48
2022-03-28,LUNES,101
2022-03-29,MARTES,91
2022-03-30,MIERCOLES,73
2022-03-31,JUEVES,103
2022-04-01,VIERNES,87
2022-04-02,SABADO,100
2022-04-03,DOMINGO,77
2022-04-04,LUNES,103
2022-04-05,MARTES,96
2022-04-06,MIERCOLES,95
2022-04-07,JUEVES,92
2022-04-08,VIERNES,95
2022-04-09,SABADO,84
2022-04-10,DOMINGO,63
2022-04-11,LUNES,80
2022-04-12,MARTES,73
2022-04-13,MIERCOLES,77
2022-04-14,JUEVES,51
2022-04-15,VIERNES,26
2022-04-16,SABADO,41
2022-04-17,DOMINGO,46
2022-04-18,LUNES,89
2022-04-19,MARTES,75
2022-04-20,MIERCOLES,68
2022-04-21,JUEVES,86
2022-04-22,VIERNES,81
2022-04-23,SABADO,93
2022-04-24,DOMINGO,63
2022-04-25,LUNES,110
2022-04-26,MARTES,94
2022-04-27,MIERCOLES,97
2022-04-28,JUEVES,71
2022-04-29,VIERNES,122
2022-04-30,SABADO,124
2022-05-01,DOMINGO,75
2022-05-02,LUNES,78
2022-05-03,MARTES,86
2022-05-04,MIERCOLES,103
2022-05-05,JUEVES,83
2022-05-06,VIERNES,107
2022-05-07,SABADO,116
2022-05-08,DOMINGO,73
2022-05-09,LUNES,84
2022-05-10,MARTES,83
2022-05-11,MIERCOLES,88
2022-05-12,JUEVES,69
2022-05-13,VIERNES,96
2022-05-14,SABADO,96
2022-05-15,DOMINGO,72
2022-05-16,LUNES,91
2022-05-17,MARTES,77
2022-05-18,MIERCOLES,72
2022-05-19,JUEVES,88
2022-05-20,VIERNES,84
2022-05-21,SABADO,113
2022-05-22,DOMINGO,74
2022-05-23,LUNES,83
2022-05-24,MARTES,83
2022-05-25,MIERCOLES,71
2022-05-26,JUEVES,85
2022-05-27,VIERNES,106
2022-05-28,SABADO,92
2022-05-29,DOMINGO,61
2022-05-30,LUNES,39
2022-05-31,MARTES,100
2022-06-01,MIERCOLES,105
2022-06-02,JUEVES,82
2022-06-03,VIERNES,101
2022-06-04,SABADO,93
2022-06-05,DOMINGO,71
2022-06-06,LUNES,89
2022-06-07,MARTES,96
2022-06-08,MIERCOLES,85
2022-06-09,JUEVES,86
2022-06-10,VIERNES,106
2022-06-11,SABADO,88
2022-06-12,DOMINGO,59
2022-06-13,LUNES,97
2022-06-14,MARTES,74
2022-06-15,MIERCOLES,99
2022-06-16,JUEVES,66
2022-06-17,VIERNES,95
2022-06-18,SABADO,90
2022-06-19,DOMINGO,69
2022-06-20,LUNES,70
2022-06-21,MARTES,82
2022-06-22,MIERCOLES,88
2022-06-23,JUEVES,103
2022-06-24,VIERNES,114
2022-06-25,SABADO,92
2022-06-26,DOMINGO,60
2022-06-27,LUNES,63
2022-06-28,MARTES,86
2022-06-29,MIERCOLES,88
2022-06-30,JUEVES,72
2022-07-01,VIERNES,112
2022-07-02,SABADO,77
2022-07-03,DOMINGO,60
2022-07-04,LUNES,49
2022-07-05,MARTES,81
2022-07-06,MIERCOLES,85
2022-07-07,JUEVES,83
2022-07-08,VIERNES,74
2022-07-09,SABADO,92
2022-07-10,DOMINGO,66
2022-07-11,LUNES,77
2022-07-12,MARTES,87
2022-07-13,MIERCOLES,90
2022-07-14,JUEVES,72
2022-07-15,VIERNES,100
2022-07-16,SABADO,103
2022-07-17,DOMINGO,59
2022-07-18,LUNES,75
2022-07-19,MARTES,96
2022-07-20,MIERCOLES,48
2022-07-21,JUEVES,58
2022-07-22,VIERNES,67
2022-07-23,SABADO,83
2022-07-24,DOMINGO,65
2022-07-25,LUNES,75
2022-07-26,MARTES,73
2022-07-27,MIERCOLES,100
2022-07-28,JUEVES,67
2022-07-29,VIERNES,92
2022-07-30,SABADO,100
2022-07-31,DOMINGO,59
2022-08-01,LUNES,63
2022-08-02,MARTES,74
2022-08-03,MIERCOLES,72
2022-08-04,JUEVES,67
2022-08-05,VIERNES,88
2022-08-06,SABADO,103
2022-08-07,DOMINGO,65
2022-08-08,LUNES,78
2022-08-09,MARTES,61
2022-08-10,MIERCOLES,86
2022-08-11,JUEVES,76
2022-08-12,VIERNES,85
2022-08-13,SABADO,68
2022-08-14,DOMINGO,39
2022-08-15,LUNES,38
2022-08-16,MARTES,70
2022-08-17,MIERCOLES,89
2022-08-18,JUEVES,59
2022-08-19,VIERNES,97
2022-08-20,SABADO,89
2022-08-21,DOMINGO,62
2022-08-22,LUNES,69
2022-08-23,MARTES,67
2022-08-24,MIERCOLES,75
2022-08-25,JUEVES,71
2022-08-26,VIERNES,68
2022-08-27,SABADO,84
2022-08-28,DOMINGO,59
2022-08-29,LUNES,59
2022-08-30,MARTES,69
2022-08-31,MIERCOLES,70
2022-09-01,JUEVES,68
2022-09-02,VIERNES,99
2022-09-03,SABADO,79
2022-09-04,DOMINGO,49
2022-09-05,LUNES,64
2022-09-06,MARTES,69
2022-09-07,MIERCOLES,80
2022-09-08,JUEVES,77
2022-09-09,VIERNES,84
2022-09-10,SABADO,66
2022-09-11,DOMINGO,50
2022-09-12,LUNES,62
2022-09-13,MARTES,65
2022-09-14,MIERCOLES,74
2022-09-15,JUEVES,62
2022-09-16,VIERNES,92
2022-09-17,SABADO,95
2022-09-18,DOMINGO,63
2022-09-19,LUNES,82
2022-09-20,MARTES,79
2022-09-21,MIERCOLES,65
2022-09-22,JUEVES,41
2022-09-23,VIERNES,88
2022-09-24,SABADO,91
2022-09-25,DOMINGO,55
2022-09-26,LUNES,72
2022-09-27,MARTES,82
2022-09-28,MIERCOLES,64
2022-09-29,JUEVES,82
2022-09-30,VIERNES,75
2022-10-01,SABADO,68
2022-10-02,DOMINGO,49
2022-10-03,LUNES,58
2022-10-04,MARTES,40
2022-10-05,MIERCOLES,40
2022-10-06,JUEVES,47
2022-10-07,VIERNES,48
2022-10-08,SABADO,46
2022-10-09,DOMINGO,42
2022-10-10,LUNES,55
2022-10-11,MARTES,46
2022-10-12,MIERCOLES,34
2022-10-13,JUEVES,48
2022-10-14,VIERNES,43
2022-10-15,SABADO,55
2022-10-16,DOMINGO,28
2022-10-17,LUNES,28
2022-10-18,MARTES,48
2022-10-19,MIERCOLES,43
2022-10-20,JUEVES,39
2022-10-21,VIERNES,36
2022-10-22,SABADO,45
2022-10-23,DOMINGO,35
2022-10-24,LUNES,45
2022-10-25,MARTES,41
2022-10-26,MIERCOLES,49
2022-10-27,JUEVES,50
2022-10-28,VIERNES,47
2022-10-29,SABADO,33
2022-10-30,DOMINGO,42
2022-10-31,LUNES,41
2022-11-01,MARTES,41
2022-11-02,MIERCOLES,36
2022-11-03,JUEVES,61
2022-11-04,VIERNES,52
2022-11-05,SABADO,44
2022-11-06,DOMINGO,35
2022-11-07,LUNES,29
2022-11-08,MARTES,37
2022-11-09,MIERCOLES,31
2022-11-10,JUEVES,53
2022-11-11,VIERNES,35
2022-11-12,SABADO,50
2022-11-13,DOMINGO,33
2022-11-14,LUNES,30
2022-11-15,MARTES,48
2022-11-16,MIERCOLES,41
2022-11-17,JUEVES,42
2022-11-18,VIERNES,50
2022-11-19,SABADO,52
2022-11-20,DOMINGO,30
2022-11-21,LUNES,43
2022-11-22,MARTES,42
2022-11-23,MIERCOLES,40
2022-11-24,JUEVES,50
2022-11-25,VIERNES,41
2022-11-26,SABADO,54
2022-11-27,DOMINGO,35
2022-11-28,LUNES,20
2022-11-29,MARTES,35
2022-11-30,MIERCOLES,26
2022-12-01,JUEVES,37
2022-12-02,VIERNES,52
2022-12-03,SABADO,43
2022-12-04,DOMINGO,32
2022-12-05,LUNES,47
2022-12-06,MARTES,45
2022-12-07,MIERCOLES,37
2022-12-08,JUEVES,29
2022-12-09,VIERNES,32
2022-12-10,SABADO,30
2022-12-11,DOMINGO,34
2022-12-12,LUNES,32
2022-12-13,MARTES,38
2022-12-14,MIERCOLES,47
2022-12-15,JUEVES,30
2022-12-16,VIERNES,46
2022-12-17,SABADO,55
2022-12-18,DOMINGO,41
2022-12-19,LUNES,36
2022-12-20,MARTES,37
2022-12-21,MIERCOLES,53
2022-12-22,JUEVES,40
2022-12-23,VIERNES,53
2022-12-24,SABADO,58
2022-12-25,DOMINGO,29
2022-12-26,LUNES,30
2022-12-27,MARTES,35
2022-12-28,MIERCOLES,30
2022-12-29,JUEVES,37
2022-12-30,VIERNES,44
2022-12-31,SABADO,31
2023-01-01,DOMINGO,28
2023-01-02,LUNES,27
2023-01-03,MARTES,30
2023-01-04,MIERCOLES,28
2023-01-05,JUEVES,36
2023-01-06,VIERNES,25
2023-01-07,SABADO,31
2023-01-08,DOMINGO,20
2023-01-09,LUNES,23
2023-01-10,MARTES,32
2023-01-11,MIERCOLES,25
2023-01-12,JUEVES,26
2023-01-13,VIERNES,44
2023-01-14,SABADO,53
2023-01-15,DOMINGO,29
2023-01-16,LUNES,38
2023-01-17,MARTES,33
2023-01-18,MIERCOLES,32
2023-01-19,JUEVES,37
2023-01-20,VIERNES,49
2023-01-21,SABADO,32
2023-01-22,DOMINGO,25
2023-01-23,LUNES,44
2023-01-24,MARTES,26
2023-01-25,MIERCOLES,38
2023-01-26,JUEVES,34
2023-01-27,VIERNES,41
2023-01-28,SABADO,53
2023-01-29,DOMINGO,37
2023-01-30,LUNES,45
2023-01-31,MARTES,49
2023-02-01,MIERCOLES,46
2023-02-02,JUEVES,26
2023-02-03,VIERNES,56
2023-02-04,SABADO,49
2023-02-05,DOMINGO,29
2023-02-06,LUNES,39
2023-02-07,MARTES,48
2023-02-08,MIERCOLES,57
2023-02-09,JUEVES,37
2023-02-10,VIERNES,51
2023-02-11,SABADO,45
2023-02-12,DOMINGO,27
2023-02-13,LUNES,45
2023-02-14,MARTES,50
2023-02-15,MIERCOLES,57
2023-02-16,JUEVES,44
2023-02-17,VIERNES,50
2023-02-18,SABADO,43
2023-02-19,DOMINGO,37
2023-02-20,LUNES,43
2023-02-21,MARTES,41
2023-02-22,MIERCOLES,38
2023-02-23,JUEVES,40
2023-02-24,VIERNES,48
2023-02-25,SABADO,43
2023-02-26,DOMINGO,33
2023-02-27,LUNES,52
2023-02-28,MARTES,46
2023-03-01,MIERCOLES,48
2023-03-02,JUEVES,40
2023-03-03,VIERNES,43
2023-03-04,SABADO,42
2023-03-05,DOMINGO,36
2023-03-06,LUNES,43
2023-03-07,MARTES,32
2023-03-08,MIERCOLES,44
2023-03-09,JUEVES,35
2023-03-10,VIERNES,49
2023-03-11,SABADO,39
2023-03-12,DOMINGO,30
2023-03-13,LUNES,34
2023-03-14,MARTES,40
2023-03-15,MIERCOLES,46
2023-03-16,JUEVES,41
2023-03-17,VIERNES,40
2023-03-18,SABADO,42
2023-03-19,DOMINGO,35
2023-03-20,LUNES,35
2023-03-21,MARTES,41
2023-03-22,MIERCOLES,43
2023-03-23,JUEVES,41
2023-03-24,VIERNES,45
2023-03-25,SABADO,44
2023-03-26,DOMINGO,24
2023-03-27,LUNES,47
2023-03-28,MARTES,37
2023-03-29,MIERCOLES,40
2023-03-30,JUEVES,40
2023-03-31,VIERNES,53
2023-04-01,SABADO,38
2023-04-02,DOMINGO,32
2023-04-03,LUNES,34
2023-04-04,MARTES,34
2023-04-05,MIERCOLES,38
2023-04-06,JUEVES,27
2023-04-07,VIERNES,13
2023-04-08,SABADO,21
2023-04-09,DOMINGO,31
2023-04-10,LUNES,30
2023-04-11,MARTES,38
2023-04-12,MIERCOLES,54
2023-04-13,JUEVES,42
2023-04-14,VIERNES,45
2023-04-15,SABADO,59
2023-04-16,DOMINGO,40
2023-04-17,LUNES,40
2023-04-18,MARTES,41
2023-04-19,MIERCOLES,30
2023-04-20,JUEVES,36
2023-04-21,VIERNES,42
2023-04-22,SABADO,56
2023-04-23,DOMINGO,31
2023-04-24,LUNES,27
2023-04-25,MARTES,37
2023-04-26,MIERCOLES,29
2023-04-27,JUEVES,40
2023-04-28,VIERNES,55
2023-04-29,SABADO,45
2023-04-30,DOMINGO,35
2023-05-01,LUNES,23
2023-05-02,MARTES,41
2023-05-03,MIERCOLES,45
2023-05-04,JUEVES,36
2023-05-05,VIERNES,33
2023-05-06,SABADO,36
2023-05-07,DOMINGO,41
2023-05-08,LUNES,43
2023-05-09,MARTES,44
2023-05-10,MIERCOLES,35
2023-05-11,JUEVES,43
2023-05-12,VIERNES,41
2023-05-13,SABADO,45
2023-05-14,DOMINGO,36
2023-05-15,LUNES,43
2023-05-16,MARTES,36
2023-05-17,MIERCOLES,32
2023-05-18,JUEVES,46
2023-05-19,VIERNES,50
2023-05-20,SABADO,47
2023-05-21,DOMINGO,23
2023-05-22,LUNES,28
2023-05-23,MARTES,36
2023-05-24,MIERCOLES,36
2023-05-25,JUEVES,39
2023-05-26,VIERNES,50
2023-05-27,SABADO,49
2023-05-28,DOMINGO,28
2023-05-29,LUNES,37
2023-05-30,MARTES,40
2023-05-31,MIERCOLES,50
2023-06-01,JUEVES,46
2023-06-02,VIERNES,41
2023-06-03,SABADO,60
2023-06-04,DOMINGO,29
2023-06-05,LUNES,38
2023-06-06,MARTES,43
2023-06-07,MIERCOLES,36
2023-06-08,JUEVES,42
2023-06-09,VIERNES,45
2023-06-10,SABADO,33
2023-06-11,DOMINGO,36
2023-06-12,LUNES,29
2023-06-13,MARTES,54
2023-06-14,MIERCOLES,43
2023-06-15,JUEVES,37
2023-06-16,VIERNES,40
2023-06-17,SABADO,45
2023-06-18,DOMINGO,34
2023-06-19,LUNES,26
2023-06-20,MARTES,37
2023-06-21,MIERCOLES,33
2023-06-22,JUEVES,38
2023-06-23,VIERNES,38
2023-06-24,SABADO,47
2023-06-25,DOMINGO,57
2023-06-26,LUNES,53
2023-06-27,MARTES,41
2023-06-28,MIERCOLES,45
2023-06-29,JUEVES,37
2023-06-30,VIERNES,41
2023-07-01,SABADO,44
2023-07-02,DOMINGO,30
2023-07-03,LUNES,22
2023-07-04,MARTES,32
2023-07-05,MIERCOLES,30
2023-07-06,JUEVES,33
2023-07-07,VIERNES,37
2023-07-08,SABADO,33
2023-07-09,DOMINGO,33
2023-07-10,LUNES,39
2023-07-11,MARTES,37
2023-07-12,MIERCOLES,31
2023-07-13,JUEVES,36
2023-07-14,VIERNES,45
2023-07-15,SABADO,40
2023-07-16,DOMINGO,43
2023-07-17,LUNES,33
2023-07-18,MARTES,51
2023-07-19,MIERCOLES,42
2023-07-20,JUEVES,30
2023-07-21,VIERNES,40
2023-07-22,SABADO,35
2023-07-23,DOMINGO,27
2023-07-24,LUNES,25
2023-07-25,MARTES,26
2023-07-26,MIERCOLES,35
2023-07-27,JUEVES,24
2023-07-28,VIERNES,16
2023-07-29,SABADO,27
2023-07-30,DOMINGO,16
2023-07-31,LUNES,16
2023-08-01,MARTES,21
2023-08-02,MIERCOLES,27
2023-08-03,JUEVES,23
2023-08-04,VIERNES,20
2023-08-05,SABADO,18
2023-08-06,DOMINGO,20
2023-08-07,LUNES,2
2023-08-08,MARTES,5
2023-08-10,JUEVES,4
